path,source_url,license,credit_required (y/n),town
scripts/templates/placeholder-hero.jpg,generated in-repo,CC0 placeholder — never ship on a live site,n,all
content/niwot/images/niwot-tavern-patios.jpg,https://github.com/jlerner1965/townofniwot.com (src/assets/photos/niwot-tavern-patios.jpg),client-supplied for townofniwot.com; use on insideniwot.com confirmed by the owner 2026-10-01 — see PERMISSIONS.md, section: townofniwot.com,n,niwot
content/niwot/images/second-avenue-patios.jpg,https://github.com/jlerner1965/townofniwot.com (src/assets/photos/second-avenue-patios.jpg),client-supplied for townofniwot.com; use on insideniwot.com confirmed by the owner 2026-10-01 — see PERMISSIONS.md, section: townofniwot.com,n,niwot
content/niwot/images/whistle-stop-caboose.jpg,https://github.com/jlerner1965/townofniwot.com (src/assets/photos/whistle-stop-caboose.jpg),client-supplied for townofniwot.com; use on insideniwot.com confirmed by the owner 2026-10-01 — see PERMISSIONS.md, section: townofniwot.com,n,niwot
content/niwot/images/niwot-gateway-sculpture.jpg,"https://commons.wikimedia.org/wiki/File:Niwot,_Colorado_sign.JPG","CC BY 4.0 (Jeffrey Beall; 2017); cropped and resized to 1700px. Came in via townofniwot.com as client-supplied, but it is this Commons photograph",y,niwot
content/niwot/images/niwot-tribune-storefront.jpg,"https://commons.wikimedia.org/wiki/File:Niwot,_Colorado.JPG","CC BY-SA 4.0 (Jeffrey Beall; 2017); cropped and resized to 1400px. Came in via townofniwot.com as client-supplied, but it is this Commons photograph",y,niwot
content/niwot/images/front-range-sunset-trail.jpg,https://github.com/jlerner1965/townofniwot.com (src/assets/photos/front-range-sunset-trail.jpg),client-supplied for townofniwot.com; use on insideniwot.com confirmed by the owner 2026-10-01 — see PERMISSIONS.md, section: townofniwot.com,n,niwot
content/lyons/images/hero.jpg,https://commons.wikimedia.org/wiki/File:CO_SH_7_St_Vrain.jpg,"CC BY-SA 3.0 (Footwarrior, 2012); resized to 2000px",y,lyons
content/lyons/images/downtown.jpg,"https://commons.wikimedia.org/wiki/File:Downtown_Lyons,_CO_IMG_5242.JPG","CC BY-SA 3.0 (Billy Hathorn, 2010)",y,lyons
content/lyons/images/redstone-museum.jpg,"https://commons.wikimedia.org/wiki/File:Lyons,_CO,_Redstone_Museum_IMG_5247.JPG","CC BY-SA 3.0 (Billy Hathorn, 2010)",y,lyons
content/lyons/images/church.jpg,"https://commons.wikimedia.org/wiki/File:Lyons,_CO,_Community_Church_IMG_5241.JPG","CC BY-SA 3.0 (Billy Hathorn, 2010)",y,lyons
content/lyons/images/outlaw-saloon.jpg,"https://commons.wikimedia.org/wiki/File:The_Outlaw_Saloon,_Lyons,_CO_IMG_5238.JPG","CC BY-SA 3.0 (Billy Hathorn, 2010)",y,lyons
content/lyons/images/depot.jpg,https://commons.wikimedia.org/wiki/File:Lyons_Depot_Library.jpg,"Public domain (Nyttend, 2009)",n,lyons
content/lyons/images/intersection.jpg,https://commons.wikimedia.org/wiki/File:Lyons_Intersection.jpg,"Public domain (Nyttend, 2006)",n,lyons
content/lyons/images/old-stone-church.jpg,https://commons.wikimedia.org/wiki/File:First_Congregational_Church_of_Lyons.jpg,Public domain (Nyttend),n,lyons
content/lyons/images/highway-7-canyon.jpg,https://commons.wikimedia.org/wiki/File:CO_SH_7_St_Vrain.jpg,"CC BY-SA 3.0 (Footwarrior, 2012)",y,lyons
content/lyons/images/lyons-elementary.jpg,"https://commons.wikimedia.org/wiki/File:Lyons,_CO,_Elementary_School_IMG_5244.JPG","CC BY-SA 3.0 (Billy Hathorn, 2010)",y,lyons
content/lyons/images/rogers-hall.jpg,"https://commons.wikimedia.org/wiki/File:Rogers_Hall,_Lyons.jpg",Public domain (Nyttend),n,lyons
content/lyons/images/apple-valley-bridge.jpg,https://www.flickr.com/photos/37387065@N05/7769190806,CC BY-SA 2.0 (Dave Dugdale),y,lyons
content/lyons/images/redrock-sky.jpg,https://www.flickr.com/photos/35557234@N07/6314970941,CC BY 2.0 (Zach Dischner),y,lyons
content/lyons/images/flood-2013-guard.jpg,https://www.flickr.com/photos/28650594@N03/9777948044,CC BY 2.0 (DVIDSHUB),y,lyons
content/lyons/images/river-volunteers.jpg,https://www.flickr.com/photos/138515959@N08/37655543635,Public domain (csfs_volunteers),n,lyons
content/lyons/images/river-volunteers-2.jpg,https://www.flickr.com/photos/138515959@N08/37655450315,Public domain (csfs_volunteers),n,lyons
content/lyons/images/junction-36-66.jpg,https://www.flickr.com/photos/75683070@N00/2378755001,CC BY-SA 2.0 (Ken Lund),y,lyons
content/lyons/images/st-vrain-canyon.jpg,https://www.flickr.com/photos/61112853@N06/6159409876,CC BY 2.0 (Max and Dee),y,lyons
content/lyons/images/meadow-dusk.jpg,https://www.flickr.com/photos/52612760@N00/8451662638,CC BY 2.0 (Alex Kehr),y,lyons
content/lyons/images/oskar-blues-pints.jpg,https://www.flickr.com/photos/7830943@N03/9247047217,CC BY-SA 2.0 (ShanMcG213),y,lyons
content/lyons/images/dales-pale-ale.jpg,https://www.flickr.com/photos/67975030@N00/4440369712,CC BY 2.0 (Bernt Rostad),y,lyons
content/lyons/images/planet-bluegrass-cliff.jpg,https://www.flickr.com/photos/78428166@N00/4172664625,CC BY 2.0 (Tobyotter),y,lyons
content/lyons/images/planet-bluegrass-river.jpg,https://www.flickr.com/photos/78428166@N00/3800988226,CC BY 2.0 (Tobyotter),y,lyons
content/lyons/images/railroad-car.jpg,https://www.flickr.com/photos/32693718@N07/46923021621,CC BY 2.0 (davidwilson1949),y,lyons
content/lyons/images/sandstone-ripples.jpg,https://www.flickr.com/photos/47445767@N05/49176714837,CC BY 2.0 (James St. John),y,lyons
content/lyons/images/us36-west.jpg,https://www.flickr.com/photos/75683070@N00/2379597784,CC BY-SA 2.0 (Ken Lund),y,lyons
content/lyons/images/post-office.jpg,https://www.flickr.com/photos/7830943@N03/9321096482,CC BY-SA 2.0 (ShanMcG213),y,lyons
content/berthoud/images/hero.jpg,https://commons.wikimedia.org/wiki/File:Carter_Lake_6-14_(22332424584).jpg,CC BY-SA 2.0 (KimonBerlin via Flickr; 2014); resized to 2000px,y,berthoud
content/berthoud/images/carter-lake.jpg,https://commons.wikimedia.org/wiki/File:Carter_Lake_6-14_(22966298211).jpg,CC BY-SA 2.0 (KimonBerlin via Flickr; 2014); resized to 1600px,y,berthoud
content/berthoud/images/bimson-blacksmith-shop.jpg,https://commons.wikimedia.org/wiki/File:Bimson_Blacksmith_Shop.JPG,CC BY-SA 3.0 (Jeffrey Beall); resized to 1600px,y,berthoud
content/berthoud/images/swanson-farm.jpg,https://commons.wikimedia.org/wiki/File:Gustav_%26_Annie_Swanson_Farm.JPG,CC BY-SA 3.0 (Jeffrey Beall); resized to 1600px,y,berthoud
content/berthoud/images/town-limits.jpg,"https://commons.wikimedia.org/wiki/File:Berthoud,_Colorado.JPG",CC BY-SA 3.0 (Jeffrey Beall); resized to 1600px,y,berthoud
content/berthoud/images/welcome-sign.jpg,"https://commons.wikimedia.org/wiki/File:Welcome_sign_for_Berthoud,_Colorado.jpg",CC0 (ZoologicalLee; 2021); resized to 1200px,n,berthoud
content/erie/images/hero.jpg,https://commons.wikimedia.org/wiki/File:Baseline_Road_(Colorado).JPG,CC BY 4.0 (Jeffrey Beall; 2016); resized to 2000px,y,erie
content/erie/images/old-mine-1889.jpg,https://commons.wikimedia.org/wiki/File:Erie_Colorado_1889_Brick_Building.jpg,CC BY-SA 4.0 (Erie Bard); resized to 1600px,y,erie
content/erie/images/miner-memorial.jpg,https://commons.wikimedia.org/wiki/File:Erie_Colorado_Miner_Memorial.jpg,CC BY-SA 4.0 (Erie Bard); resized to 1600px,y,erie
content/erie/images/library.jpg,https://commons.wikimedia.org/wiki/File:Erie_Colorado_Public_Library.jpg,CC BY-SA 4.0 (Erie Bard; 2019); resized to 1600px,y,erie
content/erie/images/community-center.jpg,https://commons.wikimedia.org/wiki/File:Erie_Community_Center_West_Entrance.jpg,CC BY-SA 4.0 (Erie Bard; 2019); resized to 1600px,y,erie
content/erie/images/town-hall.jpg,https://commons.wikimedia.org/wiki/File:Town_Hall_Erie_Colorado_01.jpg,CC BY-SA 4.0 (Erie Bard; 2019); resized to 1600px,y,erie
content/erie/images/old-city-hall.jpg,https://commons.wikimedia.org/wiki/File:Old_Erie_Colorado_City_Hall.jpg,CC BY-SA 4.0 (Erie Bard); resized to 1600px,y,erie
content/johnstown/images/hero.jpg,https://commons.wikimedia.org/wiki/File:Road_in_the_Colorado_heartland_(6453007775).jpg,CC BY 2.0 (Maarten Heerlien via Flickr; 2010); resized to 1920px,y,johnstown
content/johnstown/images/town-hall.jpg,"https://commons.wikimedia.org/wiki/File:Johnstown,_Colorado_Town_Hall.JPG",CC BY-SA 3.0 (Jeffrey Beall; 2015); resized to 1600px,y,johnstown
content/johnstown/images/oil-well.jpg,https://commons.wikimedia.org/wiki/File:Oil_well_(6453005617).jpg,CC BY 2.0 (Maarten Heerlien via Flickr; 2010); resized to 1600px,y,johnstown
content/johnstown/images/scheels.jpg,https://commons.wikimedia.org/wiki/File:Scheels_All_Sports_Store_-_Johnstown_Colorado_(53164743435).jpg,CC BY 2.0 (Tony Webster via Flickr; 2023); resized to 1600px,y,johnstown
content/timnath/images/hero.jpg,https://commons.wikimedia.org/wiki/File:Fossil_Creek_Reservoir_(8279337688).jpg,CC BY-SA 2.0 (KimonBerlin via Flickr; 2012); resized to 1920px,y,timnath
content/timnath/images/fossil-creek-hawk.jpg,https://commons.wikimedia.org/wiki/File:Buteo_jamaicensis_at_Fossil_Creek_Reservoir_(12960768653).jpg,CC BY-SA 2.0 (KimonBerlin via Flickr; 2014); resized to 1280px,y,timnath
content/timnath/images/sunrise.jpg,"https://commons.wikimedia.org/wiki/File:Sunrise_in_Timnath,_CO_(11655108055).jpg",CC BY 2.0 (USFWS Mountain-Prairie via Flickr; 2013); 960px original,y,timnath
content/timnath/images/old-town.jpg,https://commons.wikimedia.org/wiki/File:Timnath-Downtown.JPG,Public domain (Commons uploader); 717px original,n,timnath
content/timnath/images/town-square.jpg,https://commons.wikimedia.org/wiki/File:Timnath-TownSquare.JPG,Public domain (Commons uploader); 585px original,n,timnath
content/elizabeth/images/hero.jpg,https://commons.wikimedia.org/wiki/File:Elizabeth_Colorado.JPG,CC BY-SA 3.0 (ERoss99; 2012); resized to 1920px,y,elizabeth
content/elizabeth/images/town-hall.jpg,"https://commons.wikimedia.org/wiki/File:Elizabeth,_Colorado_town_hall.JPG",CC BY 4.0 (Jeffrey Beall); resized to 1280px,y,elizabeth
content/elizabeth/images/huber-carlson.jpg,https://commons.wikimedia.org/wiki/File:Huber-Carlson_Building.JPG,CC BY 4.0 (Jeffrey Beall); resized to 1280px,y,elizabeth
content/elizabeth/images/casey-jones-park.jpg,https://commons.wikimedia.org/wiki/File%3ACasey_Jones_Park_Crowd.jpg,CC BY 3.0 (Elizabethstampede); resized to 1089px,y,elizabeth
content/erie/images/municipal-airport.jpg,https://commons.wikimedia.org/wiki/File%3AErie_Municipal_Airport.JPG,CC BY 4.0 (Jeffrey Beall); resized to 1600px,y,erie
content/johnstown/images/buc-ees.jpg,https://commons.wikimedia.org/wiki/File%3ABuc-ee%27s_Store_and_Gas_Station_-_Berthoud_-_Colorado.jpg,"CC BY 2.0 (Tony Webster); file titled Berthoud, store is at I-25 and CR 48 Johnstown; resized to 1600px",y,johnstown
content/timnath/images/presbyterian-church.jpg,https://commons.wikimedia.org/wiki/File%3ATimnath-PresChurch.JPG,Public domain; resized to 461px,n,timnath
content/niwot/images/eagle-catcher.jpg,https://commons.wikimedia.org/wiki/File%3AThe_Eagle_Catcher.png,CC BY-SA 4.0 (Ecosse54); resized to 640px,y,niwot
content/timnath/images/poudre-river-trail.jpg,https://www.flickr.com/photos/greeleygov/30321809621,"Public Domain Mark 1.0 (City of Greeley, Flickr); resized to 1024px",n,timnath
content/timnath/images/arapaho-bend.jpg,https://www.flickr.com/photos/80566126@N00/4889644880/,"CC BY-SA 2.0 (Seth Anthony via Flickr; 2010); resized to 500px",y,timnath
content/erie/images/anderson-farms.jpg,https://www.flickr.com/photos/43726999@N06/5047259609,"CC BY 2.0 (designsbykari, Flickr); resized to 1024px",y,erie
content/elizabeth/images/stampede-arena.jpg,https://commons.wikimedia.org/wiki/File%3ACasey_Jones_Park_Announcer.jpg,CC BY 3.0 (Elizabethstampede); resized to 1024px,y,elizabeth
content/hub/images/front-range-aerial.jpg,photographed by the site owner,owned by the publisher; all rights reserved. EXIF stripped on import,n,hub
content/niwot/images/front-range-from-the-fields.jpg,photographed by the site owner,owned by the publisher; all rights reserved. EXIF stripped on import,n,niwot
content/lyons/images/button-rock-dam.jpg,photographed by the site owner,owned by the publisher; all rights reserved. EXIF stripped on import,n,lyons
content/lyons/images/button-rock-dam-trail.jpg,photographed by the site owner,owned by the publisher; all rights reserved. EXIF stripped on import,n,lyons
content/lyons/images/hall-ranch-butte.jpg,photographed by the site owner,owned by the publisher; all rights reserved. EXIF stripped on import,n,lyons
content/erie/images/erie-community-park.jpg,https://erieco.gov/2314/Erie-Community-Park,"Town of Erie staff photograph; permission 2026-09-18 — see PERMISSIONS.md, section: Town of Erie — parks and open space",n,erie
content/erie/images/coal-creek-park.jpg,https://www.erieco.gov/2274/Coal-Creek-Park,"Town of Erie staff photograph; permission 2026-09-18 — see PERMISSIONS.md, section: Town of Erie — parks and open space",n,erie
content/erie/images/coal-creek-trail.jpg,https://www.erieco.gov/2368/Coal-Creek-Open-Space,"Town of Erie staff photograph; permission 2026-09-18 — see PERMISSIONS.md, section: Town of Erie — parks and open space",n,erie
content/erie/images/erie-lake.jpg,https://www.erieco.gov/2294/Erie-Lake,"Town of Erie staff photograph; permission 2026-09-18 — see PERMISSIONS.md, section: Town of Erie — parks and open space",n,erie
content/erie/images/reliance-park-boneyard.jpg,https://erieco.gov/2317/Reliance-Park,"Town of Erie staff photograph; permission 2026-09-18 — see PERMISSIONS.md, section: Town of Erie — parks and open space",n,erie
content/erie/images/thomas-reservoir.jpg,https://erieco.gov/2295/32276/Thomas-Reservoir,"Town of Erie staff photograph; permission 2026-09-18 — see PERMISSIONS.md, section: Town of Erie — parks and open space",n,erie
content/lyons/images/rabbit-mountain.jpg,https://bouldercountyopenspace.org/photos/rsp/,"Boulder County Parks & Open Space; permission 2026-09-18 — see PERMISSIONS.md, section: Boulder County Parks & Open Space — trail photographs",y,lyons
content/lyons/images/heil-valley-ranch.jpg,https://bouldercountyopenspace.org/photos/heil/,"Boulder County Parks & Open Space; permission 2026-09-18 — see PERMISSIONS.md, section: Boulder County Parks & Open Space — trail photographs",y,lyons
content/niwot/images/niwot-loop-trail.jpg,https://bouldercountyopenspace.org/photos/niwot/,"Boulder County Parks & Open Space; permission 2026-09-18 — see PERMISSIONS.md, section: Boulder County Parks & Open Space — trail photographs",y,niwot
content/berthoud/images/berthoud-recreation-center.webp,"provided directly by Town of Berthoud, 2026-09-21","Use authorized by Town of Berthoud Community Engagement Manager via email, 2026-09-21; credit optional",n,berthoud
content/berthoud/images/berthoud-town-park-playground.webp,"provided directly by Town of Berthoud, 2026-09-21","Use authorized by Town of Berthoud Community Engagement Manager via email, 2026-09-21; credit optional",n,berthoud
content/berthoud/images/berthoud-town-park-water-play.webp,"provided directly by Town of Berthoud, 2026-09-21","Use authorized by Town of Berthoud Community Engagement Manager via email, 2026-09-21; credit optional",n,berthoud
content/berthoud/images/waggener-farm-park.webp,"provided directly by Town of Berthoud, 2026-09-21","Use authorized by Town of Berthoud Community Engagement Manager via email, 2026-09-21; credit optional",n,berthoud
content/berthoud/images/pioneer-park-pond.webp,"provided directly by Town of Berthoud, 2026-10-07","Use authorized by Town of Berthoud Community Engagement Manager via email, 2026-10-07 ('You are always welcome to take photos of any of our parks'); credit optional",n,berthoud
content/johnstown/images/parish-house.jpg,https://commons.wikimedia.org/wiki/File:Harvey_J._Parish_House.JPG,CC BY-SA 3.0 (Jeffrey Beall; 2012); resized to 1600px,y,johnstown
content/elizabeth/images/first-national-bank.jpg,https://commons.wikimedia.org/wiki/File:First_National_Bank_of_Elizabeth.JPG,CC BY 4.0 (Jeffrey Beall; 2023); resized to 1600px,y,elizabeth
content/niwot/images/old-fire-house-museum.jpg,"https://commons.wikimedia.org/wiki/File:Old_Fire_House_Museum_(Niwot,_Colorado).JPG",CC BY-SA 4.0 (Jeffrey Beall; 2017); resized to 1600px,y,niwot
content/johnstown/images/brush-barn.jpg,https://commons.wikimedia.org/wiki/File:Jared_L._Brush_Barn.JPG,CC BY-SA 3.0 (Jeffrey Beall; 2012); resized to 1600px,y,johnstown
content/johnstown/images/anderson-barn.jpg,https://commons.wikimedia.org/wiki/File:Anderson_Barn.JPG,CC BY-SA 3.0 (Jeffrey Beall; 2012); resized to 1600px,y,johnstown
content/erie/images/puritan-camp-1946.jpg,"https://commons.wikimedia.org/wiki/File:Home_of_miner._Puritan_Camp,_Erie,_Colorado._-_NARA_-_540361.jpg","Public domain (Russell Lee for the Coal Mines Administration, 1946; National Archives 540361); resized to 1600px",n,erie
content/windsor/images/windsor-lake-winter.jpg,"https://commons.wikimedia.org/wiki/File:Windsor,_CO.jpg",CC BY-SA 4.0 (Jared Winkler; 2018); resized to 1920px,y,windsor
content/windsor/images/windsor-lake-aerial.jpg,https://commons.wikimedia.org/wiki/File:Windsor_Lake_-_West2.jpg,CC BY-SA 4.0 (Ssullivan1564; 2017); resized to 1920px,y,windsor
content/windsor/images/main-park.jpg,https://commons.wikimedia.org/wiki/File:Main_Park_2_-_Windsor_CO.jpg,CC BY-SA 4.0 (Ssullivan1564; 2010); resized to 1280px,y,windsor
content/windsor/images/poudre-river.jpg,"https://commons.wikimedia.org/wiki/File:Poudre_River,_Windsor.jpg",CC BY-SA 4.0 (Ssullivan1564; 2016); resized to 1280px,y,windsor
content/windsor/images/windsor-mill.jpg,https://commons.wikimedia.org/wiki/File:Windsor_Milling_and_Elevator_Company_Building.JPG,CC BY-SA 3.0 (Jeffrey Beall; 2012); resized to 1280px,y,windsor
content/fortcollins/images/hero.jpg,"https://commons.wikimedia.org/wiki/File:Northern_Hotel_and_John_Atencio,_2020-04-20.jpg",CC BY-SA 4.0 (Xnatedawgx; 2020); resized to 1920px,y,fortcollins
content/fortcollins/images/old-town-square.jpg,https://commons.wikimedia.org/wiki/File:Old_Town_Square_October_2024.jpg,CC BY-SA 4.0 (LiquidPerson; 2024); resized to 1280px,y,fortcollins
content/fortcollins/images/horsetooth-panorama.jpg,https://commons.wikimedia.org/wiki/File:Horsetooth_Reservoir_panorama.jpg,CC BY-SA 4.0 (Lvaughn7; 2021); resized to 1920px,y,fortcollins
content/johnstown/images/old-town-walk-charlotte-street.jpg,https://jhsco.org/historicwalkingtour/,"Courtesy of the Johnstown Historical Society, Ltd — permission by email 2026-10-02, see PERMISSIONS.md, section: Johnstown Historical Society; resized to 1600px",y,johnstown
content/johnstown/images/masonic-temple.jpg,https://jhsco.org/historicwalkingtour/,"Courtesy of the Johnstown Historical Society, Ltd — permission by email 2026-10-02, see PERMISSIONS.md, section: Johnstown Historical Society; 588px original",y,johnstown
content/johnstown/images/mccormick-mercantile-1900s.jpg,https://jhsco.org/historicwalkingtour/,"Courtesy of the Johnstown Historical Society, Ltd — permission by email 2026-10-02, see PERMISSIONS.md, section: Johnstown Historical Society; Society accession 2003.274.97.37; 646px original",y,johnstown
content/johnstown/images/sunrise-park-playground.jpg,"provided directly by the Town of Johnstown, 2026-10-02","Town of Johnstown photograph; sent in reply to the photo request 2026-10-02 — see PERMISSIONS.md, section: Town of Johnstown; EXIF stripped on import",y,johnstown
content/erie/images/arapahoe-ridge-park.jpg,https://erieco.gov/2272/Arapahoe-Ridge-Park,"Town of Erie staff photograph; permission 2026-09-18 — see PERMISSIONS.md, section: Town of Erie — parks and open space; resized to 1600px",n,erie
content/erie/images/lehigh-park.jpg,https://erieco.gov/2315/Lehigh-Park,"Town of Erie staff photograph; permission 2026-09-18 — see PERMISSIONS.md, section: Town of Erie — parks and open space; resized to 1600px",n,erie
content/erie/images/longs-peak-park.jpg,https://erieco.gov/2316/Longs-Peak-Park,"Town of Erie staff photograph; permission 2026-09-18 — see PERMISSIONS.md, section: Town of Erie — parks and open space; resized to 1600px",n,erie
content/erie/images/serene-park.jpg,https://erieco.gov/2318/Serene-Park,"Town of Erie staff photograph; permission 2026-09-18 — see PERMISSIONS.md, section: Town of Erie — parks and open space; resized to 1600px",n,erie
content/erie/images/star-meadows-park.jpg,https://erieco.gov/2319/Star-Meadows-Park,"Town of Erie staff photograph; permission 2026-09-18 — see PERMISSIONS.md, section: Town of Erie — parks and open space; resized to 1600px",n,erie
content/erie/images/erie-singletrack-shelter.jpg,"provided directly by the Town of Erie (Google Drive folder), 2026-10-02","Town of Erie staff photograph; supplied by Ashley Burger by email 2026-10-02 under the permission of 2026-09-18 — see PERMISSIONS.md, section: Town of Erie — parks and open space; resized to 1600px",n,erie
content/erie/images/erie-singletrack-summer.jpg,"provided directly by the Town of Erie (Google Drive folder), 2026-10-02","Town of Erie staff photograph; supplied by Ashley Burger by email 2026-10-02 under the permission of 2026-09-18 — see PERMISSIONS.md, section: Town of Erie — parks and open space; 960px original",n,erie
content/erie/images/erie-singletrack-trailhead.jpg,"provided directly by the Town of Erie (Google Drive folder), 2026-10-02","Town of Erie staff photograph; supplied by Ashley Burger by email 2026-10-02 under the permission of 2026-09-18 — see PERMISSIONS.md, section: Town of Erie — parks and open space; resized to 1600px",n,erie
content/fortcollins/images/avery-house.jpg,https://commons.wikimedia.org/wiki/File:Avery_House%2C_Ft_Collins.jpg,CC BY-SA 3.0 (Gribeco; 2012); resized to 1600px,y,fortcollins
content/fortcollins/images/canvas-stadium.jpg,https://commons.wikimedia.org/wiki/File:Canvas_Stadium_-_Colorado_State_University_%28CSU%29_Rams_-_Fort_Collins.jpg,CC BY 2.0 (Tony Webster; 2022); resized to 1600px,y,fortcollins
content/fortcollins/images/fort-collins-museum-of-discovery.jpg,https://commons.wikimedia.org/wiki/File:Fort_Collins_Museum_of_Discovery_Building_Photo.jpg,CC BY-SA 3.0 (Zerdnog; 2012); resized to 1600px,y,fortcollins
content/fortcollins/images/horsetooth-mountain-open-space.jpg,https://commons.wikimedia.org/wiki/File:Horsetooth_Rock.jpg,CC BY-SA 4.0 (Lvaughn7; 2021); resized to 1600px,y,fortcollins
content/fortcollins/images/lory-state-park.jpg,https://commons.wikimedia.org/wiki/File:Lory_State_Park_scene.jpg,CC BY-SA 4.0 (Lvaughn7; 2021); resized to 1600px,y,fortcollins
content/fortcollins/images/moby-arena.jpg,https://commons.wikimedia.org/wiki/File:Moby_Arena.JPG,CC BY-SA 4.0 (LUSportsFan; 2015); resized to 1600px,y,fortcollins
content/fortcollins/images/museum-of-art-fort-collins.jpg,https://commons.wikimedia.org/wiki/File:Ft._Collins_Museum_of_Contemporary_Art.jpg,CC BY 2.0 (Charles Willgren; 2009); resized to 1600px,y,fortcollins
content/fortcollins/images/university-center-for-the-arts.jpg,https://commons.wikimedia.org/wiki/File:CSU_University_Center_for_the_Arts.jpg,CC BY-SA 3.0 (Spilly816; 2011); resized to 1600px,y,fortcollins
content/fortcollins/images/new-belgium-brewing.jpg,https://commons.wikimedia.org/wiki/File:NewBelgiumBrewery.jpg,CC BY 2.5 (M. Doxtad; 2007); resized to 1600px,y,fortcollins
content/fortcollins/images/jax-fish-house.jpg,https://commons.wikimedia.org/wiki/File:Opera_House_Block-Central_Block_Building.JPG,CC BY 4.0 (Jeffrey Beall; 2016); resized to 1600px,y,fortcollins
content/fortcollins/images/cathy-fromme-prairie-natural-area.jpg,https://www.flickr.com/photos/27621672@N04/25370389592,CC BY-SA 2.0 (Sean Gillies; 2016); resized to 1600px,y,fortcollins
content/fortcollins/images/maxwell-natural-area.jpg,https://www.flickr.com/photos/28309539@N02/13909771598,CC BY 2.0 (Vic Dillahay; 2014); resized to 1600px,y,fortcollins
content/fortcollins/images/riverbend-ponds-natural-area.jpg,https://www.flickr.com/photos/81943113@N00/37002572325,CC BY-SA 2.0 (Kimon Berlin; 2017); resized to 1600px,y,fortcollins
content/fortcollins/images/downtown-transit-center.jpg,https://commons.wikimedia.org/wiki/File:C%26S_Freight_Depot%2C_SE_corner%2C_Ft_Collins.jpg,CC BY-SA 4.0 (Xnatedawgx; 2016); resized to 1600px,y,fortcollins
content/windsor/images/windsor-art-and-heritage-center.jpg,https://commons.wikimedia.org/wiki/File:Windsor_Town_Hall.JPG,CC BY-SA 3.0 (Jeffrey Beall; 2012); resized to 1600px,y,windsor
content/longmont/images/hero.jpg,https://commons.wikimedia.org/wiki/File:McIntosh_Lake_Sunset.jpg,CC BY-SA 4.0 (Tyler Cipriani; 2017); resized to 1920px,y,longmont
content/loveland/images/hero.jpg,https://commons.wikimedia.org/wiki/File:Lake_Loveland_Sunset_Loveland_Colorado_O_(229817961).jpeg,"CC BY 3.0 (Paul Dineen; by 2017, via 500px); resized to 1920px",y,loveland
content/longmont/images/sandstone-ranch-house.jpg,https://commons.wikimedia.org/wiki/File:Sandstone_Ranch_Longmont_CO.jpg,CC BY-SA 3.0 (Hustvedt; 2009); resized to 1280px,y,longmont
content/longmont/images/mcintosh-lake-sunrise.jpg,https://commons.wikimedia.org/wiki/File:Mount_Meeker_from_McIntosh_Lake_at_Sunrise.jpg,CC BY-SA 4.0 (Tyler Cipriani; 2017); resized to 1280px,y,longmont
content/longmont/images/main-street-at-third-avenue.jpg,https://commons.wikimedia.org/wiki/File:Longmont_Colorado.JPG,CC BY 3.0 (David Shankbone; 2009); resized to 1280px,y,longmont
content/longmont/images/main-street-near-fifth-avenue.jpg,https://commons.wikimedia.org/wiki/File:5th_and_Main.jpg,CC BY-SA 4.0 (Jayostrom; 2017); resized to 1280px,y,longmont
content/loveland/images/boyd-lake-heron-cove.jpg,https://commons.wikimedia.org/wiki/File:Boyd_Lake_State_Park.JPG,CC BY 4.0 (Jeffrey Beall; 2017); resized to 1280px,y,loveland
content/loveland/images/rialto-theater.jpg,https://commons.wikimedia.org/wiki/File:Rialto_Theater_Loveland_CO.jpg,CC BY-SA 3.0 (Hustvedt; 2009); resized to 1280px,y,loveland
content/loveland/images/henrys-pub-4th-street.jpg,https://commons.wikimedia.org/wiki/File:4th-Street-Loveland-CO.JPG,CC BY-SA 3.0 (Elmschrat; 2010); resized to 1280px,y,loveland
content/loveland/images/colorado-southern-depot.jpg,https://commons.wikimedia.org/wiki/File:Colorado_and_Southern_Railway_Depot_%28Loveland%2C_Colorado%29.JPG,CC BY-SA 3.0 (Jeffrey Beall; 2012); resized to 1280px,y,loveland
content/carbon-valley/images/hero.jpg,https://commons.wikimedia.org/wiki/File:St._Vrain_State_Park.JPG,CC BY 4.0 (Jeffrey Beall; 2017); Commons' 1920px rendition re-encoded,y,carbon-valley
content/carbon-valley/images/firestone-former-town-hall.jpg,https://commons.wikimedia.org/wiki/File:Firestone%2C_Colorado.JPG,CC BY 3.0 (Jeffrey Beall; 2015); Commons' 1280px rendition re-encoded,y,carbon-valley
content/carbon-valley/images/fifth-street-at-oak.jpg,https://commons.wikimedia.org/wiki/File:Frederick%2C_CO.jpg,CC BY-SA 4.0 (Jared Winkler; 2018); Commons' 1280px rendition re-encoded,y,carbon-valley
content/carbon-valley/images/carbon-valley-regional-library.jpg,https://commons.wikimedia.org/wiki/File:Carbon_Valley_Regional_Library.jpg,CC BY-SA 4.0 (Erie Bard; 2019); Commons' 1280px rendition re-encoded,y,carbon-valley
content/severance/images/hero.jpg,"https://commons.wikimedia.org/wiki/File:Sunset_at_Blue_Spruce_Pond.jpg",CC BY-SA 4.0 (Sajacobsen; 2024); resized to 1920px,y,severance
content/fort-lupton/images/hero.jpg,"https://commons.wikimedia.org/wiki/File:Fort_Lupton,_Colorado.JPG",CC BY 3.0 (Jeffrey Beall; 2015); resized to 1920px,y,fort-lupton
content/castle-rock/images/hero.jpg,"https://commons.wikimedia.org/wiki/File:Castle_Rock,_CO.jpg",CC BY-SA 4.0 (Jared Winkler; 2018); Commons' 1920px rendition re-encoded,y,castle-rock
content/estes-park/images/hero.jpg,"https://commons.wikimedia.org/wiki/File:Estes_Park_and_Longs_Peak_(9234521546).jpg",CC BY-SA 2.0 (KimonBerlin; 2013); resized to 1920px,y,estes-park
content/golden/images/hero.jpg,https://commons.wikimedia.org/wiki/File:Clear_Creek_east_of_Washington_Avenue_Golden.jpeg,CC BY-SA 4.0 (Dough4872; 2021); Commons' 1920px rendition re-encoded,y,golden
content/evergreen/images/hero.jpg,"https://commons.wikimedia.org/wiki/File:Downtown_Evergreen,_Colorado.JPG",CC BY-SA 3.0 (E10ddie; 2011); resized to 1920px,y,evergreen
content/nederland/images/hero.jpg,"https://commons.wikimedia.org/wiki/File:Mountain_People's_Co-op,_Nederland,_Colorado_(30225134157).jpg",CC BY-SA 2.0 (Tony Webster; 2018); Commons' 1920px rendition re-encoded,y,nederland
content/elizabeth/images/two-bridges-trail.jpg,https://www.douglasco.gov/wp-content/uploads/2022/03/Two-Bridges-1-scaled.jpg,"Douglas County photograph; permission 2026-10-06 — see PERMISSIONS.md, section: Douglas County Open Space & Natural Resources; resized to 1600px, EXIF stripped on import",y,elizabeth
content/evergreen/images/alderfer-three-sisters-park.jpg,"https://commons.wikimedia.org/wiki/File:Alderfer_Ranch_2016-07-12_898.jpg","CC BY-SA 4.0 (Chris Light; 2016); resized to 1600px",y,evergreen
content/evergreen/images/buchanan-park-recreation-center.jpg,"https://commons.wikimedia.org/wiki/File:BuchananRecCenterJeffco2.jpg","CC0 (WhisperToMe; 2020); cropped and resized to 1600px",n,evergreen
content/evergreen/images/evergreen-lake.jpg,"https://commons.wikimedia.org/wiki/File:Evergreen_Lake.jpg","CC BY-SA 4.0 (Chris Light; 2016); cropped and resized to 1600px",y,evergreen
content/evergreen/images/hiwan-heritage-park-museum.jpg,"https://commons.wikimedia.org/wiki/File:Hiwan_Homestead_2.JPG","CC BY-SA 3.0 (25or6to4); resized to 1600px",y,evergreen
content/estes-park/images/estes-park-aerial-tramway.jpg,"https://commons.wikimedia.org/wiki/File:ESTES_PARK_TRAMWAY,_COLORADO.jpg","CC BY-SA 3.0 (Jerrye and Roy Klotz MD; 2007); cropped and resized to 1600px",y,estes-park
content/estes-park/images/bear-lake-trailhead.jpg,"https://commons.wikimedia.org/wiki/File:Nymph_Lake,_Rocky_Mountain_National_Park_(32757418557).jpg","CC BY 2.0 (Nicolas Henderson via Flickr; 2018); resized to 1600px",y,estes-park
content/estes-park/images/cub-lake-trailhead.jpg,"https://commons.wikimedia.org/wiki/File:Trail_to_Cub_Lake_inRocky_Mountain_National_Park._NPS-Karen_Battle-Sanborn_(18063475043).jpg","Public domain (NPS / Karen Battle-Sanborn via Flickr; 2015); cropped",n,estes-park
content/estes-park/images/fern-lake-trailhead.jpg,"https://commons.wikimedia.org/wiki/File:2024-09-19_Rocky_Mountain_National_Park_Fern_Falls_Elk_Rut_103.jpg","CC BY 2.0 (mark byzewski; 2024); cropped and resized to 1600px",y,estes-park
content/estes-park/images/glacier-gorge-trailhead.jpg,"https://commons.wikimedia.org/wiki/File:Mills_Lake_(51331729955).jpg","Public domain (USFWS Mountain-Prairie via Flickr; 2021); cropped and resized to 1600px",n,estes-park
content/estes-park/images/lily-lake-trailhead.jpg,"https://commons.wikimedia.org/wiki/File:Lily_Mountain_Reflection_(50386563586).jpg","CC BY 2.0 (G. Lamar via Flickr; 2020); cropped and resized to 1600px",y,estes-park
content/estes-park/images/lily-mountain-trail.jpg,"https://commons.wikimedia.org/wiki/File:Sunrise_From_Lily_Mountain_(51166553099).jpg","CC BY 2.0 (G. Lamar via Flickr; 2020); cropped and resized to 1600px",y,estes-park
content/estes-park/images/longs-peak-trailhead.jpg,"https://commons.wikimedia.org/wiki/File:Longs_Peak_-_panoramio.jpg","CC BY 3.0 (Thomson M; 2016); resized to 1600px",y,estes-park
content/estes-park/images/lumpy-ridge-trailhead.jpg,"https://commons.wikimedia.org/wiki/File:Estes_Park_from_Gem_Lake_Trail.jpg","CC BY-SA 4.0 (SOTMUS; 2017); resized to 1600px",y,estes-park
content/estes-park/images/wild-basin-trailhead.jpg,"https://commons.wikimedia.org/wiki/File:Copeland_Lake.jpg","CC BY-SA 4.0 (Laurenschneider210; 2023); resized to 1600px",y,estes-park
content/estes-park/images/rocky-mountain-national-park.jpg,"https://commons.wikimedia.org/wiki/File:Moraine_Park_Valley,_Rocky_Mountain_National_Park.jpg","CC BY-SA 4.0 (Frank Schulenburg; 2014); cropped and resized to 1600px",y,estes-park
content/carbon-valley/images/st-vrain-state-park.jpg,"https://commons.wikimedia.org/wiki/File:St._Vrain_State_Park_sign.JPG","CC BY 4.0 (Jeffrey Beall; 2017); cropped and resized to 1600px",y,carbon-valley
